Season,Episode,Title,EpLength
1,1,I Wasn't Ready,0:52:15
1,2,Tit Punch,0:53:00
1,3,Lesbian Request Denied,0:57:31
1,4,Imaginary Enemies,0:55:20
1,5,The Chickening,0:55:28
1,6,WAC Pack,0:57:29
1,7,Blood Donut,0:57:53
1,8,Moscow Mule,0:59:37
1,9,F*cksgiving,0:59:47
1,10,Bora Bora Bora,0:54:35
1,11,Tall Men with Feelings,1:00:03
1,12,Fool Me Once,1:01:00
1,13,Can't Fix Crazy,1:01:13
2,1,Thirsty Bird,0:57:12
2,2,"Looks Blue, Tastes Red",0:56:32
2,3,Hugs Can Be Deceiving,1:00:57
2,4,A Whole Other Hole,1:01:05
2,5,Low Self Esteem City,0:52:28
2,6,You Also Have a Pizza,1:00:56
2,7,Comic Sans,0:53:58
2,8,Appropriately Sized Pots,0:58:27
2,9,40 Oz. of Furlough,1:01:08
2,10,Little Mustachioed Sh*t,1:01:10
2,11,Take a Break From Your Values,0:58:28
2,12,It Was The Change,1:00:52
2,13,We Have Manners. We're Polite.,1:33:15
3,1,Mother's Day,0:53:25
3,2,Bed Bugs and Beyond,0:58:15
3,3,Empathy is a Boner Killer,0:56:41
3,4,Finger in the Dyke,0:59:31
3,5,Fake It Till You Fake It Some More,1:00:01
3,6,Ching Chong Chang,0:54:43
3,7,Tongue-Tied,1:01:08
3,8,"Fear, and Other Smells",1:00:18
3,9,Where My Dreidel At,0:54:51
3,10,A Tittin' and a Harrin',1:01:05
3,11,We Can Be Heros,1:01:02
3,12,Don't Make Me Come Back There,1:00:59
3,13,Trust No Bitch,1:30:41
4,1,Work That Body for Me,0:54:46
4,2,Power Suit,1:00:22
4,3,(Don't) Say Anything,0:57:55
4,4,Doctor Psycho,1:00:52
4,5,We'll Always Have Baltimore,0:58:45
4,6,Piece of Sh*t,1:00:08
4,7,It Sounded Nicer in My Head,0:58:53
4,8,Friends in Low Places,0:59:42
4,9,Turn Table Turn,0:57:39
4,10,"Bunny, Skull, Bunny, Skull",1:00:44
4,11,People Persons,1:01:08
4,12,The Animals,1:01:14
4,13,Toast Can't Never Be Bread Again,1:17:54
5,1,Riot FOMO,0:52:34
5,2,"F*ck, Marry, Frieda",0:52:16
5,3,Pissters!,0:58:18
5,4,Litchfield's Got Talent,1:00:31
5,5,"Sing It, White Effie",0:59:53
5,6,"Flaming Hot Cheetos, Literally",0:57:00
5,7,"Full Bush, Half Snickers",0:58:09
5,8,Tied to the Tracks,0:56:33
5,9,The Tightening,0:54:19
5,10,The Reverse Midas Touch,0:57:37
5,11,Breaking the Fiberboard Ceiling,0:54:26
5,12,Tattoo You,1:00:13
5,13,Storm-y Weather,0:53:43
6,1,Who Knows Better Than I,0:55:04
6,2,Sh*tstorm Coming,0:58:27
6,3,Look Out for Number One,0:50:41
6,4,I'm the Talking Ass,0:56:39
6,5,Mischief Mischief,1:01:08
6,6,State of the Uterus,0:59:01
6,7,Changing Winds,0:58:09
6,8,Gordons,0:59:06
6,9,Break the String,1:00:25
6,10,Chocolate Chip Nookie,1:00:24
6,11,Well This Took a Dark Turn,1:01:14
6,12,Double Trouble,1:00:10
6,13,Be Free,1:25:09
7,1,Beginning of the End,0:55:24
7,2,Just Desserts,0:56:32
7,3,And Brown Is the New Orange,1:00:58
7,4,How to Do Life,1:01:03
7,5,Minority Deport,1:01:11
7,6,Trapped in an Elevator,1:00:26
7,7,Me as Well,1:01:06
7,8,Baker's Dozen,1:01:14
7,9,The Hidey Hole,1:00:26
7,10,The Thirteenth,1:00:54
7,11,God Bless America,1:01:11
7,12,The Big House,1:15:45
7,13,Here's Where We Get Off,1:29:49
